Salon Suites,+41263627772,Kazakhstan,87306₽,advertising
Wellness World,+84469791463,Cambodia,93346₽,drawer
Elite Elegance,+42399115954,Cote d'Ivoire,93338₽,opinion
Haute Hues,+42595246325,Pakistan,75991₽,drawer
Trendy Threads,+3313669547,Tajikistan,44429₽,love
Body Bliss,+17710311546,Albania,71279₽,distribution
Dapper Designs,+68694808109,Netherlands,55399₽,administration
Modish Mannequins,+29173158386,Brunei,66770₽,perception
Fashion Fusion,+42773513328,Grenada,29009₽,computer
Fashion Fusion,+99622210525,"Micronesia, Federated States of",82475₽,revolution
Beauty Bar,+93340770287,Tajikistan,96048₽,steak
Trendy Threads,+3161256917,Germany,20224₽,payment
Stylish Silhouettes,+17172133012,Panama,70224₽,contribution
Lash Lounge,+25453679324,Cote d'Ivoire,39807₽,organization
Wellness World,+76812553497,Costa Rica,31668₽,awareness
Wellness World,+76123783211,South Africa,95384₽,topic
Fine Fabrics,+66261480159,Vanuatu,78881₽,truth
Urban Upmarket,+70327331630,Kuwait,49698₽,preparation
Fine Fabrics,+96581782034,Zambia,74326₽,marriage
Elite Elegance,+93601510942,Comoros,80421₽,library
Makeup Maven,+4814294746,Ghana,96882₽,emphasis
Elegant Ensembles,+9526629192,Tanzania,82589₽,construction
Refined Rags,+17829167222,Vanuatu,44252₽,cigarette
Modish Mannequins,+25623844438,South Africa,57310₽,injury
Brow Boosters,+33867667983,Montenegro,20131₽,revolution
Stellar Stitches,+96426424706,Guatemala,61333₽,fishing
Lash Lounge,+4165350003,Jamaica,10764₽,death
Salon Suites,+59283727609,Moldova,94715₽,pizza
Modish Mannequins,+88128374605,Cambodia,96730₽,community
Modish Mannequins,+7477295948,Mauritius,91742₽,office
Fine Fabrics,+24246889114,Spain,10058₽,language
Refined Rags,+10295724388,Yemen,73960₽,language
Skin Studio,+59323589700,Luxembourg,90062₽,departure
Urban Upmarket,+90611764602,South Africa,48720₽,passenger
Fine Fabrics,+3930985315,Togo,60662₽,woman
Urban Upmarket,+64441981263,Palau,26864₽,cigarette
Dapper Designs,+95758006240,Cameroon,83619₽,ladder
Trendsetting Tailors,+30523419099,Mauritius,55280₽,signature
Stellar Stitches,+78212791636,Botswana,20938₽,thanks
Lash Lounge,+24781645260,Saint Lucia,18944₽,drama
Nail Nook,+45272486298,Estonia,26204₽,buyer
Fashion Forward,+54576532955,San Marino,78326₽,tennis
Urban Upmarket,+99316092330,Belarus,37464₽,weakness
Modern Maven,+7306590916,Sweden,25917₽,cookie
Classy Collections,+22148182158,Canada,38279₽,administration
Skin Studio,+2715452624,Ghana,36254₽,context
Haute Hues,+32622995594,Nigeria,75305₽,fishing
Beauty Bar,+25756335677,Ethiopia,80796₽,midnight
Fashion Fusion,+99316494570,Belarus,98490₽,advice
Salon Suites,+7870846961,Iraq,83781₽,context
Clipper Cuts,+4946828697,Swaziland,78106₽,map
Nail Nook,+9619047533,United States of America,28805₽,cell
Fashion Forward,+5522659163,Botswana,34004₽,concept
Refined Rags,+67203057768,Malaysia,23435₽,fishing
Fashion Forward,+53903599308,Mozambique,62041₽,wood
Modish Mannequins,+39443457597,Andorra,79836₽,payment
Clipper Cuts,+70162181824,Cameroon,79303₽,steak
Makeup Maven,+35489756725,Barbados,16103₽,mixture
Makeup Maven,+2291298493,Singapore,24980₽,departure
Urban Upmarket,+94649507626,Ethiopia,57652₽,buyer
Brow Boosters,+62292140413,Palau,79290₽,data
Classy Collections,+10417729350,Mexico,86755₽,secretary
Lash Lounge,+43579534698,Togo,52809₽,hat
Body Bliss,+27432281195,Sierra Leone,91033₽,marriage
Smart Styles,+8638353624,Libya,38787₽,mixture
Trendy Threads,+56836362934,Iceland,43548₽,signature
Makeup Maven,+39880374730,Brunei,82194₽,midnight
Modish Mannequins,+13127650888,Montenegro,33217₽,death
Trendy Threads,+3628660376,Russia,53193₽,organization
Clipper Cuts,+77183598868,Mali,96717₽,definition
Glamour Galore,+94323550725,Qatar,68000₽,hair
Lash Lounge,+95748378784,"Micronesia, Federated States of",94295₽,maintenance
Posh Patterns,+40336626544,Palau,98416₽,affair
Makeup Maven,+60156505579,Rwanda,58258₽,cigarette
Elegant Ensembles,+68653338510,Grenada,27471₽,employment
Salon Suites,+27755466499,Palau,85357₽,emphasis
Smart Styles,+85455997033,Afghanistan,74310₽,county
Fine Fabrics,+52319290555,Morocco,66524₽,county
Chic Couture,+23285574340,Marshall Islands,18770₽,cookie
Nail Nook,+49470339360,Sweden,56148₽,cookie
Glow Getter,+16246011429,Albania,33587₽,cell
Crisp Creations,+98213185415,Dominican Republic,45869₽,tea
Brow Boosters,+51395164474,New Zealand,55788₽,basket
Modern Maven,+574617167,Namibia,44963₽,steak
Classy Collections,+36476258785,Chad,92757₽,newspaper
Modern Maven,+17109941821,Ecuador,93802₽,maintenance
Fine Fabrics,+53807553155,Panama,79175₽,woman
Urban Upmarket,+46197264294,Taiwan,32984₽,cell
Chic Couture,+41536462021,Uzbekistan,77842₽,elevator
Elite Elegance,+55586916528,Iran,25088₽,departure
Chic Boutique,+49215720101,Paraguay,97161₽,oven
Smart Styles,+51792752282,Liberia,25494₽,marriage
Brow Boosters,+98209827380,Portugal,65807₽,explanation
Wellness World,+1904322867,Niger,29900₽,distribution
Trendsetting Tailors,+49239872126,Cote d'Ivoire,78649₽,library
Glow Getter,+44655210084,Belgium,22660₽,midnight
Sleek Styles,+94530740967,Barbados,86597₽,sample
Sleek Styles,+34296478167,United Arab Emirates,35459₽,office
Lash Lounge,+90650568454,Monaco,23177₽,cigarette
